userId,ï»¿FirstName,Surname
1,Krystal,Reiss
2,Billy,Kitchen
3,Arnold,Durbin
4,Jesse,Howard
5,Richard,Spillane
6,Veronica,Tapp
7,Ofelia,Meyer
8,David,Starling
9,Barbara,Deatherage
10,Rachel,Reno
11,George,Reed
12,Cynthia,Grogan
13,Todd,Mendez
14,Sandra,Thurston
15,Christopher,Fay
16,Christie,Somerville
17,Rena,Southwood
18,Helen,Washington
19,Harold,Borg
20,Sara,Smith
21,Patricia,Hall
22,Patrick,Garcia
23,Aurelia,Garcia
24,Trina,Carr
25,Robert,Maddox
26,Etta,Kelly
27,Brandi,Turnage
28,Barb,Long
29,Robert,Kinley
30,Linda,Legault
31,John,George
32,Jacqueline,Leblanc
33,Cory,Simpson
34,Anthony,Allen
35,Marc,Wood
36,Stephanie,Flores
37,Donna,Simmons
38,Joseph,Dwyer
39,Deborah,Mitchell
40,Anne,Mutch
41,Myles,Jankowski
42,Robert,Bullion
43,Maurice,Haberman
44,Neil,Cotter
45,Walter,Fouts
46,Sally,Burns
47,Raymond,Scott
48,Richard,Brode
49,Clayton,Lanz
50,Kristin,Rivera
51,Amber,Toler
52,Craig,Schoenberger
53,Leah,Tompkins
54,Glenda,Kautz
55,Guadalupe,Prejean
56,James,Campos
57,Peggy,Oquendo
58,Gerard,Cleveland
59,Irene,Hunter
60,Michael,Kelsey
61,John,Elliott
62,Steven,Holt
63,Claudia,Evans
64,Shannon,Brown
65,Shayne,McDowell
66,Frances,Butler
67,Lona,Jaeger
68,David,Jewell
69,Delores,Welch
70,Frank,Campos
71,Corey,Hill
72,Julia,Casiano
73,Jerry,Webb
74,Mark,Hardiman
75,Maria,Hopwood
76,Eleanor,Okelley
77,Nancy,Michalik
78,Christopher,McKnight
79,Lucy,Lee
80,Dusti,Bridgeman
81,Kathleen,Cady
82,Jimmy,Brown
83,Jeffrey,Tanner
84,Jackie,Lee
85,Virginia,Phillips
86,Corrin,Atkinson
87,Elizabeth,Knox
88,Ervin,Botts
89,Alice,Carrol
90,Patrick,Brown
91,Debra,Moore
92,Linda,Quinn
93,Allan,Nealy
94,Carol,Sutton
95,David,Whitehead
96,Stephen,Reynolds
97,Richard,Campbell
98,Joe,Phillips
99,Johnnie,Prouty
100,Ronnie,Fisher
101,Harvey,Simmons
102,Brian,Kinney
103,Charlie,Dotson
104,Michael,Kennedy
105,Robert,Perez
106,Virginia,Barnhart
107,Blake,Hall
108,Keith,Allen
109,Deborah,Zimmerman
110,Timothy,Baker
111,Olive,Dubois
112,Daniel,Meisel
113,Harry,Peyton
114,Tracey,Jaynes
115,Clara,Jones
116,Joshua,Andrews
117,Margaret,Parikh
118,Jerry,Schacht
119,Randy,Thompson
120,Lorraine,Layton
121,Andrew,Brenner
122,Louise,Guardado
123,James,Reyes
124,Jane,Peters
125,Christine,Newton
126,Cody,Kelley
127,Calvin,Paz
128,Cheryl,Truitt
129,Vincent,Ingrassia
130,Pablo,Lytle
131,Allan,Zanders
132,Star,Preston
133,Stephen,Franklin
134,Barry,Watson
135,John,Silvia
136,Guadalupe,Humphery
137,Kristie,Harris
138,Carmen,Holliday
139,Christopher,Davis
140,Virginia,Billups
141,Celeste,Jones
142,Carolyn,Kerr
143,Matthew,Salazar
144,Melissa,Hunt
145,Dale,Washington
146,Jerry,Fendley
147,Norman,Milano
148,Anastasia,Randolph
149,Jeffery,Howze
150,Walter,Ovellette
151,Jan,Benson
152,Lillian,Linney
153,Pamela,Snyder
154,Muriel,Blair
155,Robert,Hall
156,Barry,Williams
157,Esther,Ellis
158,Judy,Johnson
159,Dorothy,Bonnell
160,Clyde,Long
161,Amy,Burk
162,Barbara,Lewis
163,Terry,David
164,Casey,Reichert
165,Larry,Freitag
166,Louise,Howell
167,Fred,Tignor
168,Thomas,Hutchinson
169,Diana,Clark
170,Jeremy,Mitchell
171,Elena,Richardson
172,William,Johnson
173,Sherry,Allen
174,Melissa,Avery
175,Andrew,Clift
176,Stephen,Brooks
177,Jeffrey,Mendoza
178,Yvette,Riddick
179,Stephanie,Hankins
180,Milton,Weston
181,Anthony,Gainey
182,Bryan,Treece
183,Mary,Hetherington
184,David,Harvey
185,Nicole,Newby
186,Douglas,Teske
187,Barry,Highfill
188,Jules,Flores
189,Virginia,McGill
190,Judith,Malone
191,Daniel,Hammer
192,Pia,Fisher
193,Douglas,Alber
194,Christian,Claycomb
195,Neil,Perez
196,Kathleen,Lindenberg
197,Roseanna,Taylor
198,Amanda,Garceau
199,Kevin,McCoy
200,Michelle,Young
201,Thelma,Ewing
202,Betty,Kemper
203,Roberto,Hamilton
204,Noah,Wright
205,Becky,Arceo
206,Sharon,Carlson
207,Earl,James
208,Angie,Keith
209,Jeffery,Sawyers
210,Rosemary,Clanton
211,Joy,Alexander
212,Kathleen,Mann
213,Barbara,Thompson
214,Jesus,Ketner
215,Leigh,Spain
216,Ian,Frazier
217,Steven,Corbin
218,Connie,Houston
219,Georgette,Nakano
220,Sarah,Johnson
221,Victor,Smith
222,Theresa,Foster
223,Joanne,Smith
224,Dorothy,Papadopoulos
225,Robin,Pineda
226,Amber,Hall
227,Melvin,Steger
228,Danny,Johnson
229,Carrie,Ankney
230,William,Horne
231,Larry,Anderson
232,Charles,Starke
233,James,Tanner
234,Larry,Cowan
235,Terence,Brown
236,Manuel,Cabell
237,Barbara,Mash
238,Mary,Williams
239,Kathy,Cheng
240,Joseph,Anthony
241,Cortney,Johnson
242,Amy,Fry
243,Marvin,Higginson
244,Thomas,Knight
245,Larry,Moore
246,John,Hogan
247,Florence,Pittman
248,Lawrence,Weiner
249,Gary,French
250,Benjamin,Garfinkel
251,Latisha,Lopez
252,Daniel,King
253,Patrick,Wolff
254,Eric,Rich
255,Elizabeth,Downs
256,Samuel,McKibben
257,Rod,Moss
258,Anne,White
259,Julia,Ferguson
260,Maribel,Vaca
261,Mary,Young
262,Thomas,Summerville
263,Marie,Alba
264,Tisha,Burleson
265,Katrina,Lockard
266,Tina,Smith
267,Jay,Winslow
268,David,Romeo
269,Ryan,Crosby
270,Emily,Anderson
271,Derrick,Keating
272,Floyd,Cross
273,Ruby,Washington
274,Gary,Bradfield
275,James,Cuevas
276,Kirby,Suda
277,Tina,Fleming
278,John,Crenshaw
279,Theresa,Willis
280,Ernestine,Hunsinger
281,Charles,Pate
282,Steven,Gilson
283,Jeremiah,Shaw
284,Frances,McCoy
285,Alena,Moore
286,James,Maul
287,Susan,Horn
288,Heath,Mose
289,Alan,Reese
290,Douglas,Stead
291,Debra,Davis
292,Cora,Evans
293,Valencia,Cullison
294,Gloria,Salgado
295,Deborah,Centeno
296,Penny,Shelton
297,Laura,Adams
298,Sara,Stanley
299,Abigail,Lara
300,Tina,Willson
301,Charles,Soto
302,Shirley,Marlow
303,Frances,Taylor
304,Linda,Heer
305,Jeanette,O'Neill
306,William,McHugh
307,Helen,Jenkins
308,Gloria,Hayashi
309,Catherine,Valdez
310,Marylou,Dees
311,Carmen,Clark
312,Ariel,Dixon
313,Wendell,Snow
314,Jeffrey,Jimenez
315,Kayla,Lally
316,Eva,Glover
317,Nick,Goebel
318,Bobby,Carter
319,Shannon,Cogan
320,Mark,May
321,Janet,Bryant
322,Michelle,Nelson
323,Chad,Taylor
324,Doyle,Cummings
325,Domingo,Hallock
326,Daniel,Brown
327,India,Pike
328,Patrick,Prue
329,Diana,Fitzmaurice
330,George,Peterson
331,Lori,Thompson
332,Marjorie,Nelms
333,John,Sutton
334,Robert,Walker
335,Alan,Tipton
336,Sandy,Bugarin
337,Elias,Ramirez
338,Gerald,Lawson
339,Lucinda,Hocker
340,Bernardo,Childs
341,Patrick,Brown
342,Jonathan,Askew
343,Bessie,Bridges
344,Katharine,Cagle
345,Peter,Weeks
346,James,Woodworth
347,Sandi,Garcia
348,Michelle,Moore
349,Mary,Richardson
350,William,Tsai
351,Nina,Mosby
352,Christine,Smith
353,Shane,Rodriguez
354,Vanessa,Martin
355,Mary,Rodriguez
356,Denise,Robinson
357,Charles,Quick
358,James,McKinney
359,Jesse,Castillo
360,Phillip,Oswald
361,Wendy,Green
362,Cherry,Rehkop
363,Luis,Bellamy
364,Douglas,Roca
365,Bernard,Weekley
366,Patricia,Villanveva
367,Willie,Sanchez
368,Melvin,Cruz
369,Debra,Dortch
370,Patricia,Manz
371,Jeffrey,Crenshaw
372,Andre,Meyer
373,Megan,Schultz
374,Bernardo,Spencer
375,Richard,Nelson
376,James,Steger
377,Margaret,Richardson
378,Alice,Upchurch
379,Henry,Shultz
380,Israel,Little
381,Christopher,Aaron
382,Thomas,Donley
383,Joyce,Jackson
384,Mildred,George
385,Rhonda,White
386,Barbara,Bunch
387,Gina,Jones
388,Jane,Estrada
389,Ronald,McKinney
390,Fred,Johnson
391,Robert,Hollars
392,William,Harris
393,Lourie,McGuire
394,Darlene,Venegas
395,Gary,Sigel
396,John,Hartfield
397,Cornelia,Paschke
398,Rita,Waters
399,Delbert,Maxwell
400,Joleen,Parker
401,Kathryn,Beavers
402,Nicole,Ely
403,Marlon,Barkley
404,Joe,Velez
405,Monroe,Velez
406,Karen,Skalski
407,Grace,Schultz
408,Linda,Nelson
409,Renee,Gulley
410,Kathryn,Wilkinson
411,John,Rader
412,Edward,Pitts
413,Ruby,Conley
414,Linda,Mullinax
415,Joshua,Nava
416,Amy,Welch
417,Kathleen,Ezell
418,Rachel,Hendley
419,Joel,Vanish
420,Robert,Brown
421,David,Overstreet
422,Bertha,Lawrence
423,Katherine,Phillips
424,Dennis,Martin
425,Lynn,Simpson
426,Judith,Lawson
427,Robbie,Ledford
428,Dolores,Raines
429,Melvin,Dean
430,Elizabeth,Oliver
431,Nikki,Rish
432,Teresa,Archer
433,Mary,Titus
434,Catherine,Bray
435,Amber,Baker
436,David,Watkins
437,George,Harrison
438,Michael,Shaffer
439,Velma,Christopher
440,Roberta,Kerr
441,Irene,Isabel
442,Charles,Vasquez
443,Dennis,Shavers
444,Ross,Lee
445,Lynda,Parish
446,John,Ballard
447,Debra,Roger
448,Kimberly,Hayes
449,Louise,Lowe
450,Darren,Emery
451,Becky,Maldonado
452,Becky,Cartwright
453,April,Ashcraft
454,Diana,Libby
455,John,Swindell
456,Julie,Kent
457,Brian,Elliott
458,Mary,Jordan
459,Ann,Cramer
460,Agatha,Heisler
461,John,Compton
462,Joseph,Larosa
463,Samuel,Wade
464,Jess,Barlowe
465,Marie,Cherry
466,Alberta,Morris
467,Joel,Crooker
468,Edwin,Tucker
469,Adrienne,Witherspoon
470,Constance,Rosa
471,Sara,McCartney
472,Gary,Davis
473,Christian,Hoffman
474,Charlotte,Ivy
475,Katie,Clark
476,John,Carmona
477,Cindy,Swann
478,Philip,Cruz
479,Dean,Anderson
480,Mary,Elias
481,Karen,Irving
482,Joseph,Abston
483,Travis,Good
484,Mary,Caldwell
485,Doris,Nunez
486,Roland,Spain
487,Sabrina,Patel
488,Nannie,Mink
489,Reina,Jones
490,Annette,Martinez
491,Loretta,Leonard
492,Sally,Owens
493,Jaime,Trott
494,Molly,Lambert
495,Monica,Trujillo
496,Deborah,Johnson
497,Judy,Heflin
498,Monica,Keyes
499,Aida,Dix
500,Nadine,Smith
501,Vernon,Garcia
502,David,Rodriguez
503,Harold,Morris
504,John,Lee
505,Diana,Branch
506,Jason,Eriksen
507,Wallace,Hudgins
508,Dennis,Frost
509,Paul,Edmonds
510,Alta,Classen
511,Louis,Pickett
512,John,Corson
513,William,Curtis
514,Rose,Costner
515,Alesia,Carney
516,Grace,Bond
517,Christy,Dressler
518,Franklin,Hankinson
519,Judy,Cho
520,Neil,Wrenn
521,Bette,McNabb
522,Yolanda,Steinke
523,Carol,Locke
524,John,Parks
525,Cheryl,Raskin
526,Jonathan,Wong
527,William,Landers
528,Jennie,Gonzales
529,Evelyn,Parenteau
530,Stephanie,Curry
531,Charles,Patten
532,Virginia,Payan
533,Judith,Gomez
534,Jeffrey,Wright
535,Russell,Torres
536,Cheryl,Degraff
537,Jeanine,Edwards
538,Annie,Mohamed
539,Dorris,Rogers
540,Brigette,Lott
541,Tandra,Burdick
542,Ty,Keller
543,Karen,Hutchinson
544,Angela,Spires
545,Vickey,Malone
546,Jeanette,Holton
547,George,Galicia
548,Dana,Harvey
549,Joel,Peck
550,Carol,Scott
551,Lauren,Iser
552,Sam,McNeil
553,Janis,Wilham
554,Reginald,Drum
555,Bonnie,Zeller
556,Olive,Schreiber
557,Joyce,Kiser
558,Rachel,Crooker
559,Mary,Hernandez
560,Rodger,Gee
561,Diane,McBee
562,Bruce,Defoor
563,Katherine,Salyers
564,Mary,Corder
565,Stephen,Gonzalez
566,Aaron,Stanley
567,Jamie,Morgan
568,Diane,Murray
569,Marjorie,Woolsey
570,Melanie,Roberts
571,Randee,Tubbs
572,Richard,Davis
573,Bette,Cooney
574,Jonathan,Blackstock
575,Erwin,Gray
576,Larry,Maldonado
577,Laura,Ervin
578,David,Calkins
579,Carol,Walker
580,Viola,Miller
581,Megan,Stubbs
582,Anthony,Highfill
583,Linda,Pierce
584,Lora,Borton
585,Philip,Wright
586,Jose,Cowan
587,Chong,Osuna
588,Denise,Brown
589,Michael,Smith
590,Yoshiko,Kotter
591,Diane,Gammage
592,Lola,Johnson
593,Jessica,Jones
594,Aimee,Turner
595,Antione,Montgomery
596,Richard,Wills
597,Ronald,Bailey
598,Allan,Hamilton
599,John,Mejia
600,Claude,Lane
601,Stefanie,Youngblood
602,Karen,Goldberg
603,Kandy,Cambridge
604,Evelyn,Whittaker
605,James,Mitcham
606,Karen,Phillips
607,Marta,Grass
608,Timmy,Watts
609,Bruce,Kwon
610,Richard,Hicks
